<?xml version="1.0" encoding="UTF-8"?>
<project name="module_space-invaders-master" default="compile.module.space-invaders-master">
  <dirname property="module.space-invaders-master.basedir" file="${ant.file.module_space-invaders-master}"/>
  
  <property name="module.jdk.home.space-invaders-master" value="${project.jdk.home}"/>
  <property name="module.jdk.bin.space-invaders-master" value="${project.jdk.bin}"/>
  <property name="module.jdk.classpath.space-invaders-master" value="${project.jdk.classpath}"/>
  
  <property name="compiler.args.space-invaders-master" value="-encoding UTF-8 -source 13 -target 13 ${compiler.args}"/>
  
  <property name="space-invaders-master.output.dir" value="${module.space-invaders-master.basedir}/out/production/Space-Invaders-master"/>
  <property name="space-invaders-master.testoutput.dir" value="${module.space-invaders-master.basedir}/out/test/Space-Invaders-master"/>
  
  <path id="space-invaders-master.module.bootclasspath">
    <!-- Paths to be included in compilation bootclasspath -->
  </path>
  
  <path id="space-invaders-master.module.production.classpath">
    <path refid="${module.jdk.classpath.space-invaders-master}"/>
  </path>
  
  <path id="space-invaders-master.runtime.production.module.classpath">
    <pathelement location="${space-invaders-master.output.dir}"/>
  </path>
  
  <path id="space-invaders-master.module.classpath">
    <path refid="${module.jdk.classpath.space-invaders-master}"/>
    <pathelement location="${space-invaders-master.output.dir}"/>
  </path>
  
  <path id="space-invaders-master.runtime.module.classpath">
    <pathelement location="${space-invaders-master.testoutput.dir}"/>
    <pathelement location="${space-invaders-master.output.dir}"/>
  </path>
  
  
  <patternset id="excluded.from.module.space-invaders-master">
    <patternset refid="ignored.files"/>
  </patternset>
  
  <patternset id="excluded.from.compilation.space-invaders-master">
    <patternset refid="excluded.from.module.space-invaders-master"/>
  </patternset>
  
  <path id="space-invaders-master.module.sourcepath">
    <dirset dir="${module.space-invaders-master.basedir}">
      <include name="src/main/java"/>
    </dirset>
  </path>
  
  
  <target name="compile.module.space-invaders-master" depends="compile.module.space-invaders-master.production,compile.module.space-invaders-master.tests" description="Compile module Space-Invaders-master"/>
  
  <target name="compile.module.space-invaders-master.production" depends="register.custom.compilers" description="Compile module Space-Invaders-master; production classes">
    <mkdir dir="${space-invaders-master.output.dir}"/>
    <javac2 destdir="${space-invaders-master.output.dir}" debug="${compiler.debug}" nowarn="${compiler.generate.no.warnings}" memorymaximumsize="${compiler.max.memory}" fork="true" executable="${module.jdk.bin.space-invaders-master}/javac">
      <compilerarg line="${compiler.args.space-invaders-master}"/>
      <bootclasspath refid="space-invaders-master.module.bootclasspath"/>
      <classpath refid="space-invaders-master.module.production.classpath"/>
      <src refid="space-invaders-master.module.sourcepath"/>
      <patternset refid="excluded.from.compilation.space-invaders-master"/>
    </javac2>
    
    <copy todir="${space-invaders-master.output.dir}">
      <fileset dir="${module.space-invaders-master.basedir}/src/main/java">
        <patternset refid="compiler.resources"/>
        <type type="file"/>
      </fileset>
    </copy>
  </target>
  
  <target name="compile.module.space-invaders-master.tests" depends="register.custom.compilers,compile.module.space-invaders-master.production" description="compile module Space-Invaders-master; test classes" unless="skip.tests"/>
  
  <target name="clean.module.space-invaders-master" description="cleanup module">
    <delete dir="${space-invaders-master.output.dir}"/>
    <delete dir="${space-invaders-master.testoutput.dir}"/>
  </target>
</project>